duration_sum,duration_count,type_day,hs_day,tavg,tmin,tmax,prcp,snow,wdir,wspd,wpgt,pres,tsun,mean_hs_dayType
61 days 15:15:00.999999910,2079,WEND,1479.25,22.2,17.5,,,,,,,,,0.7115199615199616
46 days 04:03:17.999999935,2492,LNPH,1108.0547222222222,25.4,18.6,,,,,,,,,0.4446447520955948
29 days 00:02:28.999999954,1585,LPH,696.0411111111111,25.4,18.6,,,,,,,,,0.43914265685243603
55 days 07:18:23.999999937,2962,LNPH,1327.306388888889,26.1,16.9,33.0,,,,,,,,0.44811154250131296
34 days 06:31:08.999999976,1890,LPH,822.5188888888889,26.1,16.9,33.0,,,,,,,,0.4351951793062904
49 days 11:50:55.999999949,2804,LNPH,1187.848611111111,29.2,22.2,,,,,,,,,0.4236264661594547
30 days 18:04:37.999999963,1739,LPH,738.0769444444444,29.2,22.2,,,,,,,,,0.42442607501118135
31 days 09:10:56.999999938,1833,LNPH,753.1822222222222,24.8,,36.7,,,,,,,,0.410901376007759
24 days 06:21:01.999999951,1532,LPH,582.3502777777778,24.8,,36.7,,,,,,,,0.3801242022048158
102 days 13:36:21.999999872,3728,WEND,2461.6058333333335,21.1,15.8,,,,,,,,,0.6603019939198856
92 days 09:34:14.999999859,3185,WEND,2217.5705555555555,25.1,18.7,,,,,,,,,0.6962544915402058
48 days 17:53:24.999999944,2546,LNPH,1169.89,27.9,22.9,33.0,,,,,,,,0.4595011783189317
25 days 19:36:05.999999979,1472,LPH,619.6013888888889,27.9,22.9,33.0,,,,,,,,0.4209248565821256
50 days 03:47:22.999999938,2596,LNPH,1203.7894444444444,27.3,23.9,33.0,,,,,,,,0.4637093391542544
27 days 07:57:04.999999979,1487,LPH,655.9511111111111,27.3,23.9,33.0,,,,,,,,0.44112381379361876
47 days 11:24:00.999999939,2438,LNPH,1139.4,28.0,24.0,,,,,,,,,0.4673502871205907
25 days 08:46:59.999999972,1481,LPH,608.7830555555555,28.0,24.0,,,,,,,,,0.4110621577012529
42 days 22:55:16.999999946,2287,LNPH,1030.921111111111,31.0,26.2,,,,,,,,,0.45077442549676916
23 days 15:34:32.999999977,1364,LPH,567.5755555555555,31.0,26.2,,,,,,,,,0.4161111111111111
47 days 17:57:15.999999934,2609,LNPH,1145.9541666666667,30.0,27.7,37.0,,,,,,,,0.4392311869170819
26 days 09:03:23.999999979,1503,LPH,633.0563888888889,30.0,27.7,37.0,,,,,,,,0.4211952021882162
59 days 22:52:32.999999926,2474,WEND,1438.8755555555556,26.0,22.7,33.5,,,,,,,,0.581598850264978
35 days 21:38:00.999999948,1593,WEND,861.6333333333333,19.2,16.5,30.5,15.0,,,,,,,0.5408872148985143
45 days 03:30:04.999999938,2297,LNPH,1083.5011111111112,20.6,15.8,,1.0,,,,,,,0.4717027040100615
25 days 06:47:58.999999952,1354,LPH,606.7994444444445,20.6,15.8,,1.0,,,,,,,0.4481532086000328
49 days 17:33:42.999999918,2527,LNPH,1193.5616666666667,24.4,18.6,,0.0,,,,,,,0.47232357208811504
25 days 12:39:56.999999961,1413,LPH,612.6655555555556,24.4,18.6,,0.0,,,,,,,0.43359204214830543
47 days 01:32:06.999999939,2535,LNPH,1129.535,25.4,23.5,30.0,,,,,,,,0.44557593688362923
27 days 23:38:17.999999956,1561,LPH,671.6380555555555,25.4,23.5,30.0,,,,,,,,0.4302614065058011
54 days 02:06:08.999999934,2876,LNPH,1298.1022222222223,25.1,19.3,,0.0,,,,,,,0.4513568227476433
32 days 06:31:32.999999971,1787,LPH,774.5255555555556,25.1,19.3,,0.0,,,,,,,0.43342224709320404
58 days 12:40:16.999999935,3064,LNPH,1404.671111111111,27.4,20.7,33.2,1.0,,,,,,,0.45844357412242526
31 days 07:14:35.999999968,1764,LPH,751.2430555555555,27.4,20.7,33.2,1.0,,,,,,,0.4258747480473671
88 days 22:43:54.999999909,3319,WEND,2134.7316666666666,26.4,21.0,34.7,0.0,,,,,,,0.6431851963442804
87 days 02:48:05.999999885,3011,WEND,2090.801388888889,28.2,25.2,33.4,,,,,,,,0.6943877080335068
47 days 02:27:25.999999941,2588,LNPH,1130.4569444444444,26.8,23.0,33.3,,,,,,,,0.43680716555040355
27 days 09:43:00.999999965,1570,LPH,657.7166666666667,26.8,23.0,33.3,,,,,,,,0.418927813163482
43 days 18:08:40.999999936,2397,LNPH,1050.1444444444444,27.7,23.6,,0.8,,,,,,,0.4381078199601353
29 days 00:53:03.999999967,1607,LPH,696.8841666666667,27.7,23.6,,0.8,,,,,,,0.4336553619581
47 days 15:48:43.999999943,2545,LNPH,1143.8119444444444,23.3,18.4,36.0,6.1,,,,,,,0.4494349487011569
28 days 05:02:35.999999955,1564,LPH,677.0430555555556,23.3,18.4,36.0,6.1,,,,,,,0.43289197925547035
51 days 23:47:47.999999934,2727,LNPH,1247.796388888889,20.2,14.8,26.2,0.0,,,,,,,0.4575710997025629
28 days 18:37:49.999999956,1598,LPH,690.6302777777778,20.2,14.8,26.2,0.0,,,,,,,0.43218415380336533
54 days 19:35:00.999999932,2879,LNPH,1315.5833333333333,23.6,19.1,,0.0,,,,,,,0.456958434641658
29 days 00:21:30.999999955,1588,LPH,696.3583333333333,23.6,19.1,,0.0,,,,,,,0.4385128043660789
93 days 04:43:12.999999887,3544,WEND,2236.72,25.4,22.1,29.5,0.0,,,,,,,0.6311286681715575
89 days 01:48:00.999999887,3066,WEND,2137.8,26.2,21.0,,0.0,,,,,,,0.6972602739726028
51 days 23:24:23.999999927,2768,LNPH,1247.4063888888888,24.9,21.0,32.6,,,,,,,,0.4506525971419396
31 days 12:34:17.999999973,1744,LPH,756.5713888888889,24.9,21.0,32.6,,,,,,,,0.43381386977573905
56 days 00:57:53.999999926,3009,LNPH,1344.9647222222222,25.4,20.7,,,,,,,,,0.44698063217754147
27 days 16:06:27.999999979,1509,LPH,664.1075,25.4,20.7,,,,,,,,,0.44009774685222
62 days 11:15:11.999999945,3413,LNPH,1499.2530555555556,27.7,22.2,32.6,,,,,,,,0.43927719178305175
35 days 03:59:20.999999967,2013,LPH,843.9888888888889,27.7,22.2,32.6,,,,,,,,0.4192691946790308
54 days 23:59:28.999999935,2985,LNPH,1319.9911111111112,27.2,21.9,32.5,,,,,,,,0.44220807742415785
32 days 02:59:20.999999943,1833,LPH,770.9888888888889,27.2,21.9,32.5,,,,,,,,0.4206158695520398
67 days 16:53:56.999999936,3680,LNPH,1624.898888888889,28.1,23.7,,,,,,,,,0.4415486111111111
38 days 22:47:16.999999964,2179,LPH,934.7877777777778,28.1,23.7,,,,,,,,,0.4289985212380807
120 days 06:17:35.999999872,4779,WEND,2886.2930555555554,24.9,21.3,34.1,,,,,,,,0.6039533491432424
105 days 04:14:44.999999852,3833,WEND,2524.2455555555557,25.8,22.5,,,,,,,,,0.6585561063280866
64 days 01:51:16.999999946,3569,LNPH,1537.8544444444444,27.3,23.3,,,,,,,,,0.4308922511752436
38 days 05:15:55.999999976,2197,LPH,917.2652777777778,27.3,23.3,,,,,,,,,0.4175080918424114
72 days 10:49:20.999999929,4055,LNPH,1738.8222222222223,27.9,23.6,33.1,,,,,,,,0.42880942594876015
42 days 10:31:55.999999960,2443,LPH,1018.5319444444444,27.9,23.6,33.1,,,,,,,,0.41691852003456586
72 days 07:33:44.999999928,3997,LNPH,1735.5622222222223,28.9,24.3,,,,,,,,,0.4342162177188447
40 days 22:57:59.999999963,2385,LPH,982.9663888888889,28.9,24.3,,,,,,,,,0.41214523643139994
63 days 16:46:15.999999942,3476,LNPH,1528.7708333333333,30.7,26.3,,,,,,,,,0.4398074894514768
33 days 19:22:32.999999967,2097,LPH,811.3755555555556,30.7,26.3,,,,,,,,,0.38692205796640705
42 days 04:19:10.999999916,2393,LNPH,1012.3194444444445,26.6,22.2,36.6,2.0,,,,,,,0.42303361656683847
24 days 15:05:58.999999957,1368,LPH,591.0994444444444,26.6,22.2,36.6,2.0,,,,,,,0.4320902371669915
118 days 12:38:51.999999892,4585,WEND,2844.6475,24.6,19.3,28.6,15.0,,,,,,,0.6204247546346783
92 days 22:31:01.999999900,3520,WEND,2230.5169444444446,19.9,14.8,29.5,8.9,,,,,,,0.633669586489899
98 days 20:58:08.999999873,3638,WEND,2372.968888888889,17.9,12.3,24.0,0.0,,,,,,,0.6522729216297112
97 days 22:05:16.999999888,3595,WEND,2350.087777777778,20.6,14.8,,,,,,,,,0.6537100911760161
54 days 21:25:28.999999914,3117,LNPH,1317.4244444444444,23.7,17.0,,,,,,,,,0.42265782625744125
33 days 22:05:31.999999954,1981,LPH,814.0919444444445,23.7,17.0,,,,,,,,,0.4109499971955803
58 days 10:57:49.999999908,3268,LNPH,1402.963611111111,25.2,21.0,,,,,,,,,0.4293034305725554
34 days 17:28:38.999999965,1998,LPH,833.4772222222223,25.2,21.0,,,,,,,,,0.4171557668779891
62 days 17:18:40.999999924,3482,LNPH,1505.3111111111111,26.3,22.1,,,,,,,,,0.432312208819963
34 days 04:04:52.999999950,2029,LPH,820.0811111111111,26.3,22.1,,,,,,,,,0.4041799463337167
109 days 10:10:12.999999888,4296,WEND,2626.17,26.8,22.4,32.3,,,,,,,,0.6113058659217877
92 days 16:22:11.999999900,3524,WEND,2224.369722222222,28.4,24.4,,,,,,,,,0.6312059370664649
51 days 03:44:09.999999951,2977,LNPH,1227.7358333333334,26.3,20.4,34.1,22.1,,,,,,,0.41240706527824433
24 days 16:28:55.999999966,1391,LPH,592.4819444444445,26.3,20.4,34.1,22.1,,,,,,,0.42593957185078685
52 days 15:29:52.999999944,2948,LNPH,1263.4977777777779,25.4,20.4,,0.5,,,,,,,0.42859490426654606
30 days 12:55:27.999999975,1737,LPH,732.9241666666667,25.4,20.4,,0.5,,,,,,,0.42194828247937055
49 days 08:21:32.999999952,2780,LNPH,1184.358888888889,22.4,18.6,31.4,0.0,,,,,,,0.4260283772981615
27 days 09:29:47.999999972,1607,LPH,657.4963888888889,22.4,18.6,31.4,0.0,,,,,,,0.4091452326626564
44 days 14:38:31.999999949,2360,LNPH,1070.6419444444443,22.0,15.5,,0.5,,,,,,,0.45366184086628997
24 days 12:51:18.999999952,1397,LPH,588.855,22.0,15.5,,0.5,,,,,,,0.4215139584824624
44 days 10:24:34.999999952,2370,LNPH,1066.4094444444445,23.3,17.0,29.0,0.0,,,,,,,0.4499617909048289
24 days 00:34:25.999999980,1314,LPH,576.5736111111111,23.3,17.0,29.0,0.0,,,,,,,0.43879270251987146
84 days 06:44:33.999999906,3192,WEND,2022.7425,22.8,17.4,28.9,,,,,,,,0.6336912593984962
69 days 16:01:43.999999883,2548,WEND,1672.028611111111,23.1,20.0,27.2,,,,,,,,0.6562121707657422
41 days 00:19:58.999999940,2230,LNPH,984.3327777777778,23.4,20.4,26.9,,,,,,,,0.4414048330842053
22 days 20:37:02.999999974,1300,LPH,548.6172222222223,23.4,20.4,26.9,,,,,,,,0.4220132478632479
43 days 07:30:25.999999950,2293,LNPH,1039.5069444444443,24.6,20.8,,,,,,,,,0.4533392692736347
23 days 06:32:27.999999975,1302,LPH,558.5408333333334,24.6,20.8,,,,,,,,,0.42898681515617
39 days 04:15:30.999999950,2098,LNPH,940.2583333333333,24.2,21.3,30.7,,,,,,,,0.44816889100730856
19 days 05:12:08.999999966,1154,LPH,461.20222222222225,24.2,21.3,30.7,,,,,,,,0.39965530521856346
40 days 15:54:44.999999948,2121,LNPH,975.9122222222222,25.4,21.3,,0.3,,,,,,,0.46011891665357013
20 days 07:25:46.999999983,1145,LPH,487.42944444444447,25.4,21.3,,0.3,,,,,,,0.4257025715672004
29 days 07:26:12.999999970,1528,LNPH,703.4366666666666,27.1,20.7,,0.0,,,,,,,0.4603643106457242
21 days 03:52:49.999999975,1178,LPH,507.8802777777778,27.1,20.7,,0.0,,,,,,,0.43113775702697604
66 days 18:08:35.999999917,2545,WEND,1602.1430555555555,27.3,23.6,32.4,,,,,,,,0.6295257585679982
62 days 03:42:43.999999922,2161,WEND,1491.7119444444445,26.9,22.5,32.6,,,,,,,,0.6902878040002057
38 days 19:03:40.999999962,2164,LNPH,931.0611111111111,26.1,23.6,31.9,,,,,,,,0.43025005134524547
21 days 04:54:42.999999977,1187,LPH,508.9116666666667,26.1,23.6,31.9,,,,,,,,0.42873771412524575
48 days 04:43:23.999999936,2561,LNPH,1156.7230555555554,20.6,13.8,28.8,,,,,,,,0.4516685105644496
24 days 07:48:27.999999967,1400,LPH,583.8075,20.6,13.8,28.8,,,,,,,,0.41700535714285714
47 days 06:23:57.999999954,2547,LNPH,1134.3991666666666,21.1,15.6,26.9,,,,,,,,0.4453864023033634
26 days 21:56:33.999999973,1447,LPH,645.9425,21.1,15.6,26.9,,,,,,,,0.44640117484450587
53 days 05:55:09.999999941,2882,LNPH,1277.9191666666666,23.8,17.6,,,,,,,,,0.44341400647698354
26 days 23:26:39.999999974,1549,LPH,647.4441666666667,23.8,17.6,,,,,,,,,0.417975575640198
52 days 07:12:29.999999942,2803,LNPH,1255.2080555555556,25.4,20.0,,,,,,,,,0.44780879613112934
26 days 14:42:31.999999962,1549,LPH,638.7086111111112,25.4,20.0,,,,,,,,,0.41233609497166634
65 days 00:19:34.999999898,2638,WEND,1560.326111111111,27.2,23.0,,,,,,,,,0.5914807092915508
70 days 11:23:20.999999897,2444,WEND,1691.388888888889,21.6,15.7,34.1,,,,,,,,0.6920576468448809
45 days 15:37:02.999999945,2492,LNPH,1095.6172222222222,19.7,12.6,25.8,,,,,,,,0.43965378098805064
25 days 00:47:51.999999982,1475,LPH,600.7975,19.7,12.6,25.8,,,,,,,,0.40732033898305087
49 days 14:14:35.999999944,2723,LNPH,1190.2430555555557,23.8,18.7,,,,,,,,,0.43710725506998005
30 days 04:00:31.999999973,1682,LPH,724.0086111111111,23.8,18.7,,,,,,,,,0.43044507200422777
15 days 12:51:08.999999962,918,LNPH,372.8522222222222,23.0,17.8,31.0,,,,,,,,0.40615710481723555
7 days 22:06:48.999999984,461,LPH,190.11333333333334,23.0,17.8,31.0,,,,,,,,0.4123933477946493
41 days 13:20:27.999999952,2334,LNPH,997.3408333333333,19.4,13.2,30.8,19.1,,,,,,,0.427309697229363
22 days 00:38:41.999999971,1287,LPH,528.6447222222222,19.4,13.2,30.8,19.1,,,,,,,0.41075735992402657
55 days 12:25:45.999999945,2953,LNPH,1332.4291666666666,19.2,14.4,25.0,0.0,,,,,,,0.4512120442487865
26 days 22:49:53.999999970,1589,LPH,646.8313888888889,19.2,14.4,25.0,0.0,,,,,,,0.40706821201314597
66 days 10:37:58.999999928,2832,WEND,1594.6327777777778,22.5,18.8,,0.0,,,,,,,0.5630765458254865
32 days 03:59:46.999999950,1340,WEND,771.9961111111111,22.2,,27.0,29.0,,,,,,,0.5761165008291874
32 days 22:10:27.999999956,1793,LNPH,790.1741666666667,19.1,12.2,,3.0,,,,,,,0.44069947945714816
17 days 09:26:37.999999966,974,LPH,417.4436111111111,19.1,12.2,,3.0,,,,,,,0.4285868697239334
44 days 07:51:58.999999931,2454,LNPH,1063.8661111111112,20.3,15.1,26.7,0.0,,,,,,,0.4335232726614145
26 days 12:37:47.999999970,1505,LPH,636.6297222222222,20.3,15.1,26.7,0.0,,,,,,,0.4230097822074566
47 days 14:00:22.999999944,2653,LNPH,1142.006111111111,16.7,12.6,27.0,,,,,,,,0.4304583909201323
25 days 06:01:51.999999973,1554,LPH,606.0308333333334,16.7,12.6,27.0,,,,,,,,0.38998123123123124
56 days 23:37:57.999999930,3251,LNPH,1367.6325,19.1,15.1,,,,,,,,,0.42068055982774527
30 days 00:47:03.999999968,1858,LPH,720.7841666666667,19.1,15.1,,,,,,,,,0.3879355041263007
55 days 16:22:52.999999935,3126,LNPH,1336.381111111111,23.2,17.7,,0.0,,,,,,,0.4275051539063055
31 days 19:05:00.999999965,1888,LPH,763.0833333333334,23.2,17.7,,0.0,,,,,,,0.4041754943502825
86 days 00:20:49.999999911,3535,WEND,2064.3469444444445,20.4,15.1,30.3,11.9,,,,,,,0.5839736759390225
80 days 18:54:15.999999904,3117,WEND,1938.9041666666667,15.9,11.0,27.2,7.1,,,,,,,0.6220417602395466
55 days 08:07:55.999999921,3236,LNPH,1328.1319444444443,14.6,8.3,20.9,0.0,,,,,,,0.41042396305452544
30 days 23:13:57.999999949,1909,LPH,743.2325,14.6,8.3,20.9,0.0,,,,,,,0.3893308014667365
64 days 20:42:10.999999931,3667,LNPH,1556.7027777777778,19.2,15.4,,,,,,,,,0.42451671060206647
35 days 11:17:43.999999969,2199,LPH,851.2952777777778,19.2,15.4,,,,,,,,,0.38712836642918497
65 days 10:53:01.999999922,3676,LNPH,1570.8836111111111,21.7,18.2,,,,,,,,,0.427335041107484
35 days 20:06:38.999999963,2125,LPH,860.1105555555556,21.7,18.2,,,,,,,,,0.40475790849673204
66 days 21:06:15.999999936,2791,LNPH,1605.1041666666667,23.3,17.2,,,,,,,,,0.5751000238863012
30 days 08:30:11.999999976,1261,LPH,728.5030555555555,23.3,17.2,,,,,,,,,0.5777185214556348
100 days 21:53:29.999999878,3670,WEND,2421.8913888888887,24.4,18.3,30.6,,,,,,,,0.6599159097789887
96 days 15:22:24.999999910,3595,WEND,2319.3733333333334,24.6,19.1,31.0,,,,,,,,0.645166434863236
73 days 14:44:06.999999919,2912,WEND,1766.735,22.6,21.0,32.0,,,,,,,,0.6067084478021978
75 days 14:01:09.999999894,2878,WEND,1814.0191666666667,20.7,18.3,25.4,,,,,,,,0.6303054783414408
51 days 20:18:56.999999943,2959,LNPH,1244.3155555555556,20.0,14.3,25.3,,,,,,,,0.42051894408771734
28 days 02:19:02.999999975,1695,LPH,674.3172222222222,20.0,14.3,25.3,,,,,,,,0.3978272697476237
53 days 02:08:12.999999951,3061,LNPH,1274.1366666666668,21.6,16.8,,,,,,,,,0.4162485026679735
30 days 16:10:17.999999975,1806,LPH,736.1713888888889,21.6,16.8,,,,,,,,,0.4076253537590747
64 days 08:45:09.999999927,3573,LNPH,1544.7525,24.1,19.0,,,,,,,,,0.43234047019311506
35 days 13:35:51.999999973,2184,LPH,853.5975,24.1,19.0,,,,,,,,,0.39084134615384614
25 days 19:29:27.999999965,1626,LNPH,619.4908333333333,18.9,,30.6,0.0,,,,,,,0.380990672406724
24 days 00:39:29.999999980,1596,LPH,576.6580555555555,18.9,,30.6,0.0,,,,,,,0.3613145711500974
68 days 16:31:39.999999929,3517,WEND,1648.5275,17.9,16.2,,52.1,,,,,,,0.46873116292294564
51 days 21:03:40.999999931,2690,WEND,1245.0611111111111,19.7,16.8,,4.1,,,,,,,0.46284799669558035
68 days 01:36:40.999999934,4088,LNPH,1633.611111111111,22.1,18.0,,6.1,,,,,,,0.39961132854968473
40 days 21:48:12.999999970,2473,LPH,981.8033333333333,22.1,18.0,,6.1,,,,,,,0.3970090308666936
77 days 00:26:51.999999932,4520,LNPH,1848.4475,25.8,21.8,,0.0,,,,,,,0.40894856194690266
47 days 03:10:15.999999966,2898,LPH,1131.1708333333333,25.8,21.8,,0.0,,,,,,,0.39032809983896943
79 days 01:59:19.999999938,4706,LNPH,1897.9886111111111,26.7,23.2,,,,,,,,,0.4033124970486849
43 days 02:17:17.999999968,2826,LPH,1034.2880555555555,26.7,23.2,,,,,,,,,0.3659901116615554
66 days 02:52:44.999999914,4055,LNPH,1586.878888888889,18.6,16.1,33.3,19.1,,,,,,,0.39133881353610084
41 days 23:04:22.999999959,2714,LPH,1007.0727777777778,18.6,16.1,33.3,19.1,,,,,,,0.37106587243101613
75 days 11:28:10.999999912,4402,LNPH,1811.4694444444444,14.9,9.8,20.2,0.0,,,,,,,0.4115105507597557
41 days 19:18:24.999999953,2628,LPH,1003.3066666666666,14.9,9.8,20.2,0.0,,,,,,,0.3817757483510908
127 days 13:34:02.999999878,5530,WEND,3061.5672222222224,18.3,13.3,,,,,,,,,0.5536287924452482
135 days 00:26:54.999999808,5235,WEND,3240.4483333333333,20.2,17.4,,,,,,,,,0.6189968163005413
71 days 09:39:08.999999899,4237,LNPH,1713.6522222222222,21.3,18.8,,,,,,,,,0.4044494270054808
44 days 10:06:33.999999953,2717,LPH,1066.1091666666666,21.3,18.8,,,,,,,,,0.39238467672678196
87 days 07:02:11.999999927,5095,LNPH,2095.0363888888887,22.9,19.6,25.9,,,,,,,,0.4111945807436484
51 days 17:48:41.999999958,3238,LPH,1241.8113888888888,22.9,19.6,25.9,,,,,,,,0.3835118557408551
89 days 15:13:32.999999923,5328,LNPH,2151.2255555555557,24.2,20.4,,,,,,,,,0.40375855021688356
52 days 04:16:44.999999947,3357,LPH,1252.2788888888888,24.2,20.4,,,,,,,,,0.37303511733359807
92 days 03:09:13.999999917,5587,LNPH,2211.1536111111113,24.1,21.6,30.5,,,,,,,,0.3957676053536981
58 days 21:36:38.999999944,3621,LPH,1413.6105555555555,24.1,21.6,30.5,,,,,,,,0.3903923102887477
50 days 15:28:14.999999951,3222,LNPH,1215.4705555555556,23.1,,29.2,5.1,,,,,,,0.377241016621836
14 days 21:48:02.999999983,1084,LPH,357.80055555555555,23.1,,29.2,5.1,,,,,,,0.3300743132431324
128 days 02:46:12.999999868,6097,WEND,3074.77,21.8,20.0,,21.1,,,,,,,0.5043086763982286
157 days 05:45:43.999999872,6312,WEND,3773.7619444444445,22.9,20.2,,0.0,,,,,,,0.5978710304886635
86 days 04:05:30.999999933,5402,LNPH,2068.0916666666667,20.8,19.1,27.2,18.0,,,,,,,0.38283814636554364
59 days 12:18:03.999999944,3831,LPH,1428.3008333333332,20.8,19.1,27.2,18.0,,,,,,,0.37282715565996694
93 days 17:44:06.999999946,5759,LNPH,2249.735,19.5,17.0,22.1,0.0,,,,,,,0.3906468136829311
50 days 05:25:20.999999952,3428,LPH,1205.4222222222222,19.5,17.0,22.1,0.0,,,,,,,0.351640088162842
103 days 11:01:52.999999916,6242,LNPH,2483.031111111111,22.4,18.8,,0.5,,,,,,,0.3977941542952757
64 days 04:48:24.999999946,4148,LPH,1540.8066666666666,22.4,18.8,,0.5,,,,,,,0.3714577306332369
103 days 17:26:39.999999916,6389,LNPH,2489.4441666666667,23.3,20.9,28.6,0.0,,,,,,,0.3896453539938436
66 days 16:59:43.999999948,4358,LPH,1600.9952777777778,23.3,20.9,28.6,0.0,,,,,,,0.3673692697975626
112 days 00:45:11.999999918,6652,LNPH,2688.7530555555554,25.8,22.4,,,,,,,,,0.40420220318033007
66 days 02:34:01.999999957,4154,LPH,1586.5669444444445,25.8,22.4,,,,,,,,,0.3819371556197507
59 days 22:57:43.999999949,3188,WEND,1438.9619444444445,21.1,20.0,32.3,7.1,,,,,,,0.4513682385333891
32 days 23:58:53.999999935,1694,WEND,791.9813888888889,19.9,18.0,22.8,108.0,,,,,,,0.4675214810442083
150 days 11:47:35.999999886,6626,WEND,3611.7930555555554,19.3,18.2,,22.1,,,,,,,0.5450940319280947
87 days 18:41:03.999999918,4180,WEND,2106.6841666666664,15.6,13.4,21.6,0.0,,,,,,,0.5039914274322168
36 days 15:31:48.999999971,2417,LNPH,879.53,17.4,14.4,18.0,2.0,,,,,,,0.36389325610260653
29 days 09:55:30.999999965,2078,LPH,705.925,17.4,14.4,18.0,2.0,,,,,,,0.33971366698748795
97 days 04:51:34.999999917,5905,LNPH,2332.8594444444443,18.6,16.2,,11.9,,,,,,,0.39506510490168406
65 days 14:29:54.999999951,3939,LPH,1574.4983333333332,18.6,16.2,,11.9,,,,,,,0.39972031818566467
70 days 19:51:26.999999945,4633,LNPH,1699.8572222222222,18.4,17.1,22.4,0.0,,,,,,,0.36690205530373887
46 days 04:48:30.999999964,3077,LPH,1108.8083333333334,18.4,17.1,22.4,0.0,,,,,,,0.36035369949084606
100 days 16:38:02.999999898,5148,WEND,2416.633888888889,18.0,16.0,,4.1,,,,,,,0.46943160234826903
136 days 03:33:47.999999876,5938,WEND,3267.5630555555554,19.6,17.4,,5.1,,,,,,,0.5502800699824109
96 days 00:24:17.999999918,5851,LNPH,2304.404722222222,20.7,18.6,22.6,0.0,,,,,,,0.3938480126853909
64 days 18:16:19.999999954,4004,LPH,1554.2719444444444,20.7,18.6,22.6,0.0,,,,,,,0.3881798063048063
32 days 23:34:58.999999956,2220,LNPH,791.5827777777778,19.8,18.6,23.2,6.1,,,,,,,0.3565688188188188
30 days 21:19:15.999999970,2241,LPH,741.3208333333333,19.8,18.6,23.2,6.1,,,,,,,0.3307991224155883
98 days 18:29:58.999999915,6152,LNPH,2370.4994444444446,19.3,18.4,,49.0,,,,,,,0.385321756249097
62 days 07:10:28.999999945,4126,LPH,1495.1744444444444,19.3,18.4,,49.0,,,,,,,0.3623786826089298
38 days 09:31:42.999999962,2513,LNPH,921.5283333333333,18.6,17.1,21.2,0.0,,,,,,,0.3667044700888712
26 days 23:10:12.999999973,1968,LPH,647.17,18.6,17.1,21.2,0.0,,,,,,,0.3288465447154471
91 days 16:04:23.999999914,5470,LNPH,2200.0730555555556,17.7,14.8,20.0,67.1,,,,,,,0.4022071399553118
62 days 22:18:52.999999930,4035,LPH,1510.3144444444445,17.7,14.8,20.0,67.1,,,,,,,0.37430345587222913
170 days 18:08:15.999999848,7883,WEND,4098.1375,16.1,10.9,,0.0,,,,,,,0.5198702904985412
154 days 16:48:22.999999842,6524,WEND,3712.806111111111,15.4,11.2,23.1,,,,,,,,0.5690996491586621
97 days 13:31:14.999999924,6090,LNPH,2341.5205555555553,18.3,13.0,,,,,,,,,0.38448613391716835
64 days 04:18:49.999999953,4228,LPH,1540.3136111111112,18.3,13.0,,,,,,,,,0.3643125854094397
104 days 03:18:27.999999939,6475,LNPH,2499.3075,17.8,14.3,,,,,,,,,0.3859934362934363
64 days 19:13:30.999999944,4325,LPH,1555.225,17.8,14.3,,,,,,,,,0.35958959537572255
103 days 04:31:41.999999898,6304,LNPH,2476.5280555555555,12.4,9.0,21.5,,,,,,,,0.39285026261985334
69 days 19:06:21.999999947,4439,LPH,1675.1058333333333,12.4,9.0,21.5,,,,,,,,0.3773610798227829
59 days 12:23:16.999999937,3931,LNPH,1428.3877777777777,11.5,9.8,17.0,0.0,,,,,,,0.363364990531106
49 days 17:39:24.999999930,3440,LPH,1193.6566666666668,11.5,9.8,17.0,0.0,,,,,,,0.3469932170542636
97 days 00:41:34.999999917,5852,LNPH,2328.692777777778,12.4,7.6,,5.1,,,,,,,0.39793109668109666
60 days 22:15:27.999999973,3938,LPH,1462.2575,12.4,7.6,,5.1,,,,,,,0.3713198324022346
112 days 15:12:29.999999892,5910,WEND,2703.2080555555553,11.6,8.6,20.2,8.9,,,,,,,0.4573956100770821
143 days 01:15:25.999999868,6220,WEND,3433.2569444444443,11.9,7.1,,0.0,,,,,,,0.5519705698463737
35 days 13:05:24.999999967,2393,LNPH,853.09,13.8,8.7,,,,,,,,,0.3564939406602591
62 days 17:03:13.999999943,4226,LPH,1505.0536111111112,13.8,8.7,,,,,,,,,0.35614141294631124
129 days 05:25:44.999999906,7396,LNPH,3101.428888888889,11.4,5.5,19.4,,,,,,,,0.41933868156961723
61 days 04:50:32.999999945,3573,LPH,1468.8422222222223,11.4,5.5,19.4,,,,,,,,0.41109494044842493
109 days 18:20:48.999999880,6636,LNPH,2634.346666666667,13.0,7.2,,,,,,,,,0.3969780992565803
65 days 07:00:09.999999956,4272,LPH,1567.0025,13.0,7.2,,,,,,,,,0.36680770131086143
113 days 18:56:23.999999914,6966,LNPH,2730.9397222222224,14.7,10.0,,,,,,,,,0.3920384327048841
68 days 06:52:54.999999964,4289,LPH,1638.8816666666667,14.7,10.0,,,,,,,,,0.38211276909924613
173 days 00:00:29.999999848,7411,WEND,4152.008055555556,14.7,10.2,21.6,,,,,,,,0.5602493665572198
166 days 19:14:46.999999868,7531,WEND,4003.246111111111,14.9,11.7,19.4,,,,,,,,0.5315689962967881
180 days 16:12:49.999999842,7269,WEND,4336.213611111111,17.9,12.8,,,,,,,,,0.596535095764357
90 days 17:27:43.999999924,5718,LNPH,2177.4619444444443,19.7,16.0,,,,,,,,,0.38080831487311023
67 days 07:59:19.999999950,4447,LPH,1615.9886111111111,19.7,16.0,,,,,,,,,0.3633884891187567
106 days 19:55:26.999999916,6679,LNPH,2563.923888888889,22.1,18.8,26.0,0.5,,,,,,,0.383878408278019
72 days 11:54:41.999999949,4759,LPH,1739.911388888889,22.1,18.8,26.0,0.5,,,,,,,0.36560441035698443
72 days 11:19:53.999999934,4714,LNPH,1739.3313888888888,17.0,,25.1,43.9,,,,,,,0.3689714443973035
48 days 22:49:54.999999971,3194,LPH,1174.8316666666667,17.0,,25.1,43.9,,,,,,,0.36782456689626386
42 days 23:34:06.999999932,2810,LNPH,1031.5683333333334,11.8,10.4,17.5,4.1,,,,,,,0.3671061684460261
22 days 04:29:51.999999984,1560,LPH,532.4975,11.8,10.4,17.5,4.1,,,,,,,0.34134455128205127
97 days 19:46:58.999999913,6210,LNPH,2347.782777777778,10.2,8.0,13.2,8.9,,,,,,,0.3780648595455359
54 days 04:19:22.999999939,3560,LPH,1300.3227777777777,10.2,8.0,13.2,8.9,,,,,,,0.3652592072409488
122 days 22:32:25.999999880,6116,WEND,2950.5402777777776,8.6,5.2,12.9,0.0,,,,,,,0.48242973802775957
129 days 06:42:19.999999858,5815,WEND,3102.7052777777776,8.8,4.6,13.0,,,,,,,,0.5335692653100219
59 days 17:42:02.999999930,3917,LNPH,1433.7005555555556,10.0,5.3,13.3,0.3,,,,,,,0.36602005503077756
38 days 23:59:56.999999950,2717,LPH,935.9988888888889,10.0,5.3,13.3,0.3,,,,,,,0.34449719870772505
92 days 14:28:59.999999933,5893,LNPH,2222.4830555555554,9.4,6.4,,1.0,,,,,,,0.37713949695495597
60 days 13:00:45.999999929,3981,LPH,1453.0125,9.4,6.4,,1.0,,,,,,,0.36498681235870384
101 days 22:06:12.999999922,6377,LNPH,2446.1033333333335,10.8,6.5,,0.0,,,,,,,0.38358214416392244
61 days 16:12:23.999999949,4069,LPH,1480.2063888888888,10.8,6.5,,0.0,,,,,,,0.363776453401054
90 days 22:31:53.999999913,5964,LNPH,2182.531388888889,10.7,7.9,17.4,,,,,,,,0.36595093710410614
57 days 04:57:16.999999958,3838,LPH,1372.9544444444443,10.7,7.9,17.4,,,,,,,,0.35772653581147584
98 days 13:51:43.999999917,6269,LNPH,2365.8619444444444,9.7,5.1,,,,,,,,,0.3773906435547048
57 days 00:19:52.999999948,3864,LPH,1368.331111111111,9.7,5.1,,,,,,,,,0.3541229583620888
153 days 15:38:42.999999886,7473,WEND,3687.645,12.3,7.7,17.0,,,,,,,,0.4934624648735448
131 days 16:45:51.999999888,6059,WEND,3160.764166666667,15.2,9.6,,,,,,,,,0.521664328547065
89 days 20:44:15.999999923,5807,LNPH,2156.7375,13.4,12.0,17.6,,,,,,,,0.3714030480454624
51 days 02:50:07.999999962,3555,LPH,1226.8352777777777,13.4,12.0,17.6,,,,,,,,0.34510134395999376
51 days 20:57:53.999999954,3447,LNPH,1244.9647222222222,11.4,,15.0,0.0,,,,,,,0.36117340360377787
32 days 19:12:29.999999967,2413,LPH,787.2080555555556,11.4,,15.0,0.0,,,,,,,0.3262362434958788
83 days 15:50:10.999999920,5483,LNPH,2007.8361111111112,8.1,6.7,13.0,5.1,,,,,,,0.36619298032301867
56 days 09:13:55.999999939,3813,LPH,1353.2319444444445,8.1,6.7,13.0,5.1,,,,,,,0.3548995395867937
84 days 17:53:39.999999904,5524,LNPH,2033.8941666666667,7.9,4.1,,0.0,,,,,,,0.36819228216268407
52 days 21:00:49.999999953,3672,LPH,1269.013611111111,7.9,4.1,,0.0,,,,,,,0.34559194202372306
89 days 22:05:01.999999931,5734,LNPH,2158.083611111111,6.4,2.4,12.5,,,,,,,,0.3763661686625586
55 days 13:05:26.999999956,3686,LPH,1333.0905555555555,6.4,2.4,12.5,,,,,,,,0.3616632000964611
102 days 20:15:01.999999790,5473,WEND,2468.2502777777777,6.6,1.9,,,,,,,,,0.4509867125484702
86 days 15:59:27.999999919,3999,WEND,2079.9908333333333,9.7,3.9,,,,,,,,,0.5201277402684005
96 days 04:46:02.999999925,6135,LNPH,2308.7672222222222,11.9,5.8,,,,,,,,,0.3763271755863443
62 days 01:45:11.999999929,4160,LPH,1489.7530555555556,11.9,5.8,,,,,,,,,0.3581137152777778
108 days 11:15:52.999999938,6781,LNPH,2603.2644444444445,13.1,8.2,19.1,,,,,,,,0.3839056841829294
67 days 11:57:14.999999942,4577,LPH,1619.953888888889,13.1,8.2,19.1,,,,,,,,0.3539335566722502
181 days 21:00:37.999999820,8186,WEND,4365.010277777777,13.9,9.0,19.0,,,,,,,,0.5332287170507913
87 days 10:05:55.999999921,5907,LNPH,2098.098611111111,15.6,11.2,19.2,0.3,,,,,,,0.35518852397344014
59 days 11:30:14.999999948,4163,LPH,1427.503888888889,15.6,11.2,19.2,0.3,,,,,,,0.342902687698508
105 days 12:19:23.999999932,6381,LNPH,2532.3230555555556,10.2,5.5,16.6,0.0,,,,,,,0.396853636664403
61 days 08:17:22.999999959,4133,LPH,1472.2894444444444,10.2,5.5,16.6,0.0,,,,,,,0.3562277871871387
149 days 03:22:57.999999868,7327,WEND,3579.3825,12.5,8.4,16.9,0.0,,,,,,,0.48851951685546613
109 days 09:43:41.999999864,5114,WEND,2625.7280555555553,5.4,0.0,17.5,,,,,,,,0.5134391974101594
152 days 12:14:45.999999828,7812,LNPH,3660.2458333333334,7.8,1.2,,,,,,,,,0.4685414533196791
100 days 04:39:57.999999879,5430,LPH,2404.6658333333335,7.8,1.2,,,,,,,,,0.44284821976672806
96 days 18:43:08.999999916,6428,LNPH,2322.718888888889,10.4,5.1,,,,,,,,,0.36134394662241587
68 days 18:31:36.999999948,4682,LPH,1650.5266666666666,10.4,5.1,,,,,,,,,0.35252598604584934
108 days 15:03:11.999999920,6864,LNPH,2607.0530555555556,12.8,7.6,,,,,,,,,0.37981542184667183
69 days 14:21:22.999999956,4482,LPH,1670.3561111111112,12.8,7.6,,,,,,,,,0.3726809707967673
111 days 20:06:55.999999940,7056,LNPH,2684.115277777778,12.2,7.7,21.1,,,,,,,,0.38040182508188464
70 days 20:52:41.999999946,4810,LPH,1700.8780555555556,12.2,7.7,21.1,,,,,,,,0.35361290136290136
121 days 23:45:00.999999926,7484,LNPH,2927.75,14.5,9.0,,,,,,,,,0.3912012292891502
68 days 06:34:28.999999958,4515,LPH,1638.5744444444445,14.5,9.0,,,,,,,,,0.3629179278946721
119 days 15:28:26.999999910,6696,WEND,2871.4738888888887,11.8,9.3,20.1,,,,,,,,0.4288342127970264
104 days 11:47:13.999999916,5218,WEND,2507.7869444444445,13.4,10.8,15.4,,,,,,,,0.48060309399088624
77 days 16:35:20.999999933,5090,LNPH,1864.588888888889,11.9,,16.9,0.3,,,,,,,0.3663239467365204
50 days 06:44:33.999999949,3550,LPH,1206.7425,11.9,,16.9,0.3,,,,,,,0.3399274647887324
81 days 15:59:48.999999912,5218,LNPH,1959.9966666666667,6.7,2.8,,0.0,,,,,,,0.3756222051871726
53 days 12:35:42.999999945,3656,LPH,1284.595,6.7,2.8,,0.0,,,,,,,0.3513662472647702
82 days 12:35:38.999999910,5359,LNPH,1980.5938888888888,7.7,3.4,9.5,0.0,,,,,,,0.36958273724368146
52 days 22:09:07.999999952,3682,LPH,1270.1519444444446,7.7,3.4,9.5,0.0,,,,,,,0.34496250528094635
88 days 05:32:40.999999938,5775,LNPH,2117.5444444444443,9.7,7.0,,0.0,,,,,,,0.36667436267436265
55 days 12:33:42.999999958,3865,LPH,1332.5616666666667,9.7,7.0,,0.0,,,,,,,0.3447766278568349
77 days 11:42:30.999999950,5055,LNPH,1859.7083333333333,10.1,9.2,11.2,,,,,,,,0.3678948236069898
34 days 18:38:59.999999969,2491,LPH,834.6497222222222,10.1,9.2,11.2,,,,,,,,0.3350661269458941
38 days 15:16:40.999999956,2166,WEND,927.2777777777778,11.1,9.8,12.2,10.9,,,,,,,0.42810608392325844
130 days 23:05:47.999999876,5701,WEND,3143.0963888888887,10.1,8.8,,7.1,,,,,,,0.5513236956479369
103 days 07:08:39.999999887,5169,WEND,2479.1441666666665,9.2,8.0,15.1,0.0,,,,,,,0.4796177532727155
83 days 08:47:21.999999943,5296,LNPH,2000.7891666666667,7.8,4.6,10.6,0.0,,,,,,,0.37779251636455186
55 days 20:35:12.999999955,3818,LPH,1340.5866666666666,7.8,4.6,10.6,0.0,,,,,,,0.3511227518770735
99 days 20:43:23.999999897,6459,LNPH,2396.7230555555557,10.6,7.6,,0.0,,,,,,,0.37106720166520446
64 days 01:33:49.999999955,4333,LPH,1537.5636111111112,10.6,7.6,,0.0,,,,,,,0.3548496679231736
108 days 13:53:12.999999922,6770,LNPH,2605.8866666666668,12.3,8.7,15.5,,,,,,,,0.38491678975873955
65 days 15:32:44.999999936,4378,LPH,1575.5455555555557,12.3,8.7,15.5,,,,,,,,0.3598779249784275
117 days 02:31:44.999999912,7183,LNPH,2810.528888888889,12.8,9.5,,,,,,,,,0.39127507850325616
67 days 07:56:30.999999954,4385,LPH,1615.9416666666666,12.8,9.5,,,,,,,,,0.3685157734701634
186 days 10:37:29.999999824,8473,WEND,4474.624722222222,15.6,10.4,,,,,,,,,0.5281039445559096
162 days 22:39:29.999999870,7038,WEND,3910.6580555555556,13.9,11.0,22.5,,,,,,,,0.5556490559186638
87 days 11:18:20.999999923,5581,LNPH,2099.3055555555557,10.2,8.2,17.2,,,,,,,,0.3761522228194868
56 days 05:37:31.999999935,3850,LPH,1349.6252777777777,10.2,8.2,17.2,,,,,,,,0.3505520202020202
84 days 21:30:50.999999927,5498,LNPH,2037.513888888889,10.7,8.0,,,,,,,,,0.37059183137302454
57 days 07:17:43.999999957,3841,LPH,1375.2952777777778,10.7,8.0,,,,,,,,,0.35805656802337354
56 days 17:07:37.999999960,3625,LNPH,1361.1269444444445,12.6,11.0,,0.5,,,,,,,0.3754832950191571
33 days 19:32:18.999999982,2404,LPH,811.5383333333333,12.6,11.0,,0.5,,,,,,,0.3375783416528009
33 days 05:41:32.999999963,2116,LNPH,797.6922222222222,13.1,12.2,14.0,16.0,,,,,,,0.37698120142827135
25 days 07:03:58.999999971,1620,LPH,607.0661111111111,13.1,12.2,14.0,16.0,,,,,,,0.3747321673525377
61 days 14:19:30.999999907,3909,LNPH,1478.325,9.0,6.5,12.6,23.9,,,,,,,0.37818495778971606
29 days 05:07:09.999999955,2128,LPH,701.1191666666666,9.0,6.5,12.6,23.9,,,,,,,0.32947329260651625
139 days 16:07:56.999999872,6560,WEND,3352.132222222222,8.4,3.9,,0.5,,,,,,,0.5109957655826558
98 days 05:25:39.999999888,4821,WEND,2357.4275,9.9,4.1,15.1,0.0,,,,,,,0.48899139182742163
84 days 23:32:50.999999906,5105,LNPH,2039.5472222222222,7.6,3.4,12.0,,,,,,,,0.39951953422570463
49 days 08:10:55.999999928,3344,LPH,1184.1819444444445,7.6,3.4,12.0,,,,,,,,0.35412139486975014
86 days 23:00:03.999999901,5348,LNPH,2087.0008333333335,5.6,1.0,11.7,,,,,,,,0.3902394976315134
50 days 06:11:31.999999950,3333,LPH,1206.1919444444445,5.6,1.0,11.7,,,,,,,,0.3618937727106044
50 days 04:17:40.999999968,3293,LNPH,1204.2944444444445,9.8,3.0,,,,,,,,,0.365713466275264
17 days 19:12:55.999999982,1304,LPH,427.21527777777777,9.8,3.0,,,,,,,,,0.3276190780504431
34 days 04:06:25.999999948,2120,LNPH,820.1069444444445,11.8,9.8,,43.9,,,,,,,0.3868428983228512
26 days 23:51:22.999999960,1726,LPH,647.8561111111111,11.8,9.8,,43.9,,,,,,,0.3753511651860435
51 days 02:02:39.999999925,3111,LNPH,1226.0441666666666,12.1,11.3,13.2,2.0,,,,,,,0.3940996999892853
24 days 22:06:35.999999973,1706,LPH,598.1097222222222,12.1,11.3,13.2,2.0,,,,,,,0.35059186531197084
48 days 22:34:03.999999950,2715,WEND,1174.5675,12.2,11.5,,2.0,,,,,,,0.432621546961326
88 days 22:34:25.999999890,4309,WEND,2134.573611111111,11.4,,13.2,18.0,,,,,,,0.4953756349758902
95 days 23:02:14.999999903,5783,LNPH,2303.037222222222,10.2,5.0,,0.0,,,,,,,0.39824264606989834
61 days 20:05:15.999999929,4015,LPH,1484.0875,10.2,5.0,,0.0,,,,,,,0.36963574097135743
92 days 21:36:25.999999896,5684,LNPH,2229.6069444444443,7.8,2.2,17.5,0.0,,,,,,,0.39226019430760806
58 days 06:36:11.999999935,3812,LPH,1398.6030555555556,7.8,2.2,17.5,0.0,,,,,,,0.3668948204500408
96 days 23:22:51.999999917,5939,LNPH,2327.380833333333,8.0,3.4,13.0,,,,,,,,0.3918809283268788
58 days 14:50:29.999999940,3936,LPH,1406.8413888888888,8.0,3.4,13.0,,,,,,,,0.3574292146567299
104 days 12:12:28.999999892,6342,LNPH,2508.2077777777777,8.2,3.0,,,,,,,,,0.3954916079750517
63 days 15:20:30.999999937,4232,LPH,1527.3416666666667,8.2,3.0,,,,,,,,,0.36090304032766224
101 days 11:05:24.999999885,6340,LNPH,2435.09,10.7,6.4,12.8,,,,,,,,0.38408359621451105
54 days 00:49:33.999999946,3624,LPH,1296.8258333333333,10.7,6.4,12.8,,,,,,,,0.35784377299484915
157 days 17:09:31.999999824,7411,WEND,3785.158611111111,11.7,8.5,,0.5,,,,,,,0.5107486993808003
192 days 13:55:44.999999790,7589,WEND,4621.928888888889,11.8,6.6,,0.0,,,,,,,0.6090300288429159
117 days 18:03:03.999999912,7007,LNPH,2826.0508333333332,14.5,9.4,20.2,,,,,,,,0.40331822938965795
77 days 10:22:16.999999935,5031,LPH,1858.371111111111,14.5,9.4,20.2,,,,,,,,0.3693840411669869
129 days 05:14:47.999999908,7721,LNPH,3101.2463888888888,15.3,11.5,19.5,,,,,,,,0.40166382449020704
80 days 01:45:35.999999945,5171,LPH,1921.7597222222223,15.3,11.5,19.5,,,,,,,,0.37164179505361095
79 days 16:00:29.999999931,4984,LNPH,1912.0080555555555,13.4,,19.0,11.9,,,,,,,0.3836292246299269
28 days 08:32:50.999999935,1978,LPH,680.5472222222222,13.4,,19.0,11.9,,,,,,,0.34405825188181105
101 days 12:32:50.999999919,6312,LNPH,2436.5472222222224,9.6,6.8,13.3,9.9,,,,,,,0.38601825447120125
65 days 02:52:34.999999940,4334,LPH,1562.8761111111112,9.6,6.8,13.3,9.9,,,,,,,0.36060823975798595
114 days 14:15:47.999999896,6976,LNPH,2750.2630555555556,9.2,5.0,,0.0,,,,,,,0.3942464242482161
62 days 19:47:36.999999946,4179,LPH,1507.7933333333333,9.2,5.0,,0.0,,,,,,,0.36080242482252534
162 days 18:24:03.999999842,7625,WEND,3906.400833333333,12.7,6.7,,,,,,,,,0.5123148633879782
219 days 12:34:37.999999744,8442,WEND,5268.576944444444,14.9,11.9,,0.0,,,,,,,0.6240910855774039
102 days 14:22:48.999999900,6383,LNPH,2462.38,14.7,12.0,18.6,,,,,,,,0.3857715807613975
64 days 15:28:57.999999936,4467,LPH,1551.4825,14.7,12.0,18.6,,,,,,,,0.3473209088873965
125 days 08:21:18.999999864,7516,LNPH,3008.355,13.4,9.7,17.2,5.1,,,,,,,0.40026011176157533
76 days 18:43:20.999999926,5075,LPH,1842.7222222222222,13.4,9.7,17.2,5.1,,,,,,,0.36309797482211276
126 days 13:27:04.999999880,7792,LNPH,3037.451111111111,11.1,5.8,17.0,0.0,,,,,,,0.3898166210358202
82 days 09:54:45.999999930,5372,LPH,1977.9125,11.1,5.8,17.0,0.0,,,,,,,0.36818922189128817
113 days 03:06:02.999999898,6911,LNPH,2715.1005555555557,13.2,8.3,,,,,,,,,0.3928665251852924
93 days 19:49:03.999999920,5068,LPH,2251.8175,13.2,8.3,,,,,,,,,0.4443207379636938
108 days 13:30:53.999999888,6186,LNPH,2605.514722222222,15.2,11.8,,,,,,,,,0.42119539641484355
60 days 05:40:42.999999947,3643,LPH,1445.6783333333333,15.2,11.8,,,,,,,,,0.3968373135694025
131 days 16:15:02.999999854,6524,WEND,3160.2505555555554,17.9,,,,,,,,,,0.4844038251924518
146 days 06:07:46.999999844,6091,WEND,3510.1294444444443,9.7,7.2,25.2,10.9,,,,,,,0.5762813075758405
147 days 22:35:34.999999816,6993,WEND,3550.592777777778,7.4,3.0,13.0,0.0,,,,,,,0.5077352749574972
111 days 06:54:11.999999864,6971,LNPH,2670.9030555555555,7.8,2.4,,0.0,,,,,,,0.3831448939256284
71 days 19:28:56.999999925,4730,LPH,1723.4822222222222,7.8,2.4,,0.0,,,,,,,0.3643725628376791
133 days 16:09:48.999999906,8174,LNPH,3208.1633333333334,10.8,4.4,,,,,,,,,0.3924838920153332
82 days 05:36:15.999999935,5307,LPH,1973.6041666666667,10.8,4.4,,,,,,,,,0.37188697318007663
125 days 07:33:56.999999888,7698,LNPH,3007.5655555555554,12.3,9.5,16.3,,,,,,,,0.39069440836003577
80 days 16:22:39.999999948,5298,LPH,1936.3775,12.3,9.5,16.3,,,,,,,,0.36549216685541713
102 days 05:29:54.999999891,6533,LNPH,2453.4983333333334,11.8,9.3,14.6,,,,,,,,0.3755546201336803
72 days 04:08:12.999999953,4758,LPH,1732.1366666666668,11.8,9.3,14.6,,,,,,,,0.36404721871934986
187 days 05:01:25.999999820,8431,WEND,4493.023611111111,9.4,3.6,,,,,,,,,0.5329170455593774
228 days 02:37:50.999999736,8763,WEND,5474.6305555555555,12.1,6.0,,,,,,,,,0.6247438725956357
135 days 07:14:41.999999900,8219,LNPH,3247.244722222222,16.1,9.6,,0.0,,,,,,,0.39509000148706924
87 days 11:58:20.999999914,5689,LPH,2099.972222222222,16.1,9.6,,0.0,,,,,,,0.3691285326458468
147 days 07:45:08.999999902,8615,LNPH,3535.7522222222224,16.7,11.6,22.6,,,,,,,,0.4104181337460502
91 days 16:53:45.999999917,5985,LPH,2200.8958333333335,16.7,11.6,22.6,,,,,,,,0.3677353104984684
147 days 21:48:32.999999884,8772,LNPH,3549.8088888888888,17.9,10.9,,,,,,,,,0.40467497593352586
77 days 21:03:29.999999937,5306,LPH,1869.0580555555555,17.9,10.9,,,,,,,,,0.35225368555513675
82 days 16:22:44.999999891,5478,LNPH,1984.378888888889,14.8,,25.5,0.0,,,,,,,0.3622451421849012
30 days 16:33:26.999999959,2229,LPH,736.5572222222222,14.8,,25.5,0.0,,,,,,,0.3304428991575694
101 days 01:56:45.999999840,6042,LNPH,2425.945833333333,8.6,6.0,13.6,14.0,,,,,,,0.40151370958843646
52 days 03:35:37.999999936,3150,LPH,1251.5936111111112,8.6,6.0,13.6,14.0,,,,,,,0.3973313051146385
162 days 14:41:39.999999888,8035,WEND,3902.6941666666667,10.3,7.0,,0.0,,,,,,,0.4857117817880108
210 days 10:28:13.999999728,8165,WEND,5050.4702777777775,12.3,7.4,,,,,,,,,0.6185511669048105
113 days 11:47:36.999999896,7262,LNPH,2723.7933333333335,13.6,10.0,17.4,,,,,,,,0.3750748186909024
77 days 07:48:15.999999936,5061,LPH,1855.8041666666666,13.6,10.0,17.4,,,,,,,,0.36668724889679244
138 days 04:58:41.999999888,8329,LNPH,3316.9780555555553,14.2,9.1,,,,,,,,,0.3982444537826336
85 days 19:32:48.999999940,5494,LPH,2059.5466666666666,14.2,9.1,,,,,,,,,0.37487198155563645
147 days 14:23:13.999999884,8634,LNPH,3542.3869444444445,17.2,13.0,,,,,,,,,0.41028340797364427
91 days 09:15:35.999999940,5942,LPH,2193.259722222222,17.2,13.0,,,,,,,,,0.36911136355136687
153 days 03:21:42.999999864,8704,LNPH,3675.3616666666667,18.7,14.0,,,,,,,,,0.4222612208946078
96 days 06:41:21.999999918,5953,LPH,2310.6891666666666,18.7,14.0,,,,,,,,,0.3881554118371689
153 days 11:55:51.999999900,9197,LNPH,3683.9308333333333,18.1,14.2,25.0,,,,,,,,0.4005578811931427
83 days 17:09:49.999999939,5423,LPH,2009.163611111111,18.1,14.2,25.0,,,,,,,,0.37048932530169854
199 days 09:56:19.999999818,9686,WEND,4785.938611111111,16.8,15.0,21.5,,,,,,,,0.49410887994126684
190 days 22:57:43.999999850,8133,WEND,4582.961944444444,15.2,13.2,19.4,,,,,,,,0.5635020219407899
106 days 04:36:45.999999912,6468,LNPH,2548.6125,14.7,12.8,17.7,4.1,,,,,,,0.3940340909090909
70 days 21:05:51.999999918,4529,LPH,1701.0975,14.7,12.8,17.7,4.1,,,,,,,0.37560112607639656
120 days 06:52:05.999999892,7139,LNPH,2886.8680555555557,16.0,13.0,,0.0,,,,,,,0.4043798929199546
76 days 20:25:36.999999944,4789,LPH,1844.4266666666667,16.0,13.0,,0.0,,,,,,,0.38513816384770655
114 days 10:09:24.999999896,7142,LNPH,2746.1566666666668,16.4,13.9,20.6,,,,,,,,0.3845080743022496
70 days 19:14:15.999999940,4740,LPH,1699.2375,16.4,13.9,20.6,,,,,,,,0.35848892405063293
130 days 04:21:40.999999876,7745,LNPH,3124.3611111111113,16.1,11.2,,,,,,,,,0.4034036295818091
75 days 17:21:31.999999934,4785,LPH,1817.358611111111,16.1,11.2,,,,,,,,,0.37980326251015906
119 days 15:31:57.999999900,7303,LNPH,2871.5325,15.9,13.5,21.6,0.0,,,,,,,0.39319902779679583
69 days 03:49:37.999999943,4466,LPH,1659.8269444444445,15.9,13.5,21.6,0.0,,,,,,,0.37165851868438077
129 days 05:18:07.999999862,6897,WEND,3101.3019444444444,16.2,14.9,19.6,0.0,,,,,,,0.44965955407342967
147 days 06:04:44.999999842,6444,WEND,3534.0788888888887,17.9,15.4,,10.9,,,,,,,0.5484293744396165
74 days 05:35:01.999999638,4833,LNPH,1781.5836111111112,,,,,,,,,,,0.36862892843184586
82 days 07:22:20.999999921,5034,LPH,1975.3722222222223,,,,,,,,,,,0.3924060830795038
117 days 22:39:07.999999896,7100,LNPH,2830.6519444444443,21.2,16.6,,,,,,,,,0.398683372456964
84 days 03:31:43.999999939,5245,LPH,2019.528611111111,21.2,16.6,,,,,,,,,0.38503882004025
123 days 01:20:01.999999884,7142,LNPH,2953.333611111111,16.8,11.6,23.0,27.9,,,,,,,0.41351632751485734
74 days 11:03:56.999999935,4764,LPH,1787.0655555555556,16.8,11.6,23.0,27.9,,,,,,,0.3751187144323165
151 days 12:45:19.999999908,9002,LNPH,3636.755277777778,20.7,11.0,,0.0,,,,,,,0.40399414327680266
86 days 10:52:56.999999919,5428,LPH,2074.882222222222,20.7,11.0,,0.0,,,,,,,0.38225538360763117
166 days 23:32:34.999999844,9192,LNPH,4007.5427777777777,21.4,16.6,,,,,,,,,0.4359815902717339
96 days 10:26:30.999999942,5628,LPH,2314.4416666666666,21.4,16.6,,,,,,,,,0.41123696991234304
194 days 18:07:37.999999812,9314,WEND,4674.126944444444,24.3,18.6,,,,,,,,,0.5018388387851025
228 days 07:51:11.999999764,9132,WEND,5479.853055555555,21.6,18.0,31.8,,,,,,,,0.6000715128729255
155 days 13:49:44.999999852,8924,LNPH,3733.8288888888887,,,,,,,,,,,0.4184030579212112
89 days 23:45:01.999999904,5389,LPH,2159.7502777777777,,,,,,,,,,,0.40077013876002554
205 days 11:12:47.999999716,8969,LNPH,4931.213055555556,19.1,16.4,22.9,,,,,,,,0.5498063391186928
108 days 08:14:41.999999886,5129,LPH,2600.244722222222,19.1,16.4,22.9,,,,,,,,0.5069691406165378
144 days 10:01:21.999999888,8625,LNPH,3466.0225,20.2,17.9,22.7,,,,,,,,0.4018576811594203
86 days 23:37:14.999999949,5480,LPH,2087.6205555555557,20.2,17.9,22.7,,,,,,,,0.3809526561232766
116 days 03:17:01.999999892,7082,LNPH,2787.283611111111,17.2,14.7,23.6,0.0,,,,,,,0.3935729470645455
62 days 05:32:26.999999939,4157,LPH,1493.5405555555556,17.2,14.7,23.6,0.0,,,,,,,0.35928327052094194
123 days 06:20:13.999999906,7462,LNPH,2958.3369444444443,17.4,15.0,,9.9,,,,,,,0.3964536242889901
72 days 07:27:22.999999947,4718,LPH,1735.456111111111,17.4,15.0,,9.9,,,,,,,0.36783724271112994
134 days 04:21:33.999999880,6353,WEND,3220.3591666666666,19.9,16.6,22.1,7.9,,,,,,,0.5069036937929587
132 days 02:23:51.999999860,5972,WEND,3170.3975,17.8,15.0,22.2,48.0,,,,,,,0.5308770093770931
109 days 09:00:38.999999888,6842,LNPH,2625.0105555555556,14.3,12.2,20.5,2.0,,,,,,,0.3836612913702946
70 days 20:35:34.999999939,4581,LPH,1700.5927777777779,14.3,12.2,20.5,2.0,,,,,,,0.3712274127434573
134 days 18:30:34.999999884,8173,LNPH,3234.5094444444444,12.1,5.0,,0.0,,,,,,,0.3957554685482007
81 days 13:54:15.999999933,5247,LPH,1957.9041666666667,12.1,5.0,,0.0,,,,,,,0.37314735404358046
144 days 17:23:04.999999884,8627,LNPH,3473.3844444444444,16.9,10.4,,,,,,,,,0.4026178792679314
85 days 10:50:58.999999948,5323,LPH,2050.8494444444445,16.9,10.4,,,,,,,,,0.385280752290897
150 days 05:13:37.999999856,8858,LNPH,3605.2269444444446,16.4,9.7,23.7,,,,,,,,0.40700236446652116
85 days 09:15:13.999999942,5310,LPH,2049.2536111111112,16.4,9.7,23.7,,,,,,,,0.3859234672525633
149 days 22:45:06.999999872,8883,LNPH,3598.7516666666666,14.8,9.9,21.4,,,,,,,,0.4051279597733498
75 days 10:39:23.999999929,4904,LPH,1810.6563888888888,14.8,9.9,21.4,,,,,,,,0.3692203076853362
226 days 20:57:58.999999772,10472,WEND,5444.966111111111,15.9,11.5,,,,,,,,,0.5199547470503353
212 days 09:09:47.999999712,8470,WEND,5097.163055555556,19.6,15.2,,,,,,,,,0.60179020726748
113 days 10:06:34.999999912,6838,LNPH,2722.1094444444443,23.1,18.2,,,,,,,,,0.3980856163270612
79 days 19:47:00.999999949,4962,LPH,1915.7833333333333,23.1,18.2,,,,,,,,,0.38609095794706433
134 days 04:39:48.999999884,7989,LNPH,3220.6633333333334,21.1,15.3,29.4,7.1,,,,,,,0.4031372303584095
75 days 01:41:21.999999953,3980,LPH,1801.6891666666668,21.1,15.3,29.4,7.1,,,,,,,0.45268572026800674
130 days 17:18:48.999999888,7736,LNPH,3137.3133333333335,17.4,11.8,24.0,0.0,,,,,,,0.4055472250947949
72 days 04:22:21.999999941,4656,LPH,1732.3725,17.4,11.8,24.0,0.0,,,,,,,0.37207313144329895
86 days 12:51:06.999999889,5493,LNPH,2076.8516666666665,13.9,12.0,22.0,,,,,,,,0.3780906001577765
45 days 00:42:46.999999949,3155,LPH,1080.7127777777778,13.9,12.0,22.0,,,,,,,,0.34253970769501674
111 days 04:39:09.999999894,6656,LNPH,2668.6525,13.4,10.4,,4.1,,,,,,,0.4009393780048077
57 days 05:23:52.999999949,3698,LPH,1373.3977777777777,13.4,10.4,,4.1,,,,,,,0.3713893395829577
207 days 16:38:19.999999792,9131,WEND,4984.6386111111115,15.9,8.7,,0.0,,,,,,,0.5459028158045243
203 days 23:51:18.999999728,7548,WEND,4895.855,19.9,13.9,,,,,,,,,0.6486294382617911
202 days 03:02:10.999999736,7548,WEND,4851.0361111111115,21.1,14.9,,,,,,,,,0.642691588647471
112 days 21:11:03.999999892,6731,LNPH,2709.1841666666664,23.9,17.6,,,,,,,,,0.402493562125489
70 days 23:13:05.999999939,4514,LPH,1703.2180555555556,23.9,17.6,,,,,,,,,0.37731901983951166
115 days 22:31:55.999999870,6700,LNPH,2782.5319444444444,23.3,18.0,,,,,,,,,0.4153032752902156
66 days 16:17:32.999999949,4258,LPH,1600.2922222222223,23.3,18.0,,,,,,,,,0.3758318981264026
123 days 22:21:06.999999856,7315,LNPH,2974.3516666666665,21.5,17.0,28.7,2.0,,,,,,,0.40660993392572337
63 days 07:07:14.999999951,3953,LPH,1519.1205555555555,21.5,17.0,28.7,2.0,,,,,,,0.38429561233381115
129 days 07:22:52.999999908,7499,LNPH,3103.3811111111113,16.8,13.2,23.4,0.0,,,,,,,0.41383932672504486
72 days 11:00:55.999999938,4492,LPH,1739.0152777777778,16.8,13.2,23.4,0.0,,,,,,,0.38713608142871275
115 days 05:25:35.999999796,5589,WEND,2765.426388888889,15.8,13.5,21.3,3.0,,,,,,,0.4947980656448182
115 days 06:15:58.999999862,5104,WEND,2766.266111111111,17.1,13.3,,2.0,,,,,,,0.5419800374433995
105 days 11:02:42.999999878,6309,LNPH,2531.045,18.2,12.6,,1.0,,,,,,,0.40118006023141545
65 days 11:50:22.999999943,4058,LPH,1571.8394444444446,18.2,12.6,,1.0,,,,,,,0.3873433820710805
111 days 12:39:29.999999892,6696,LNPH,2676.6580555555556,17.0,11.4,,0.0,,,,,,,0.39973985298022036
66 days 14:27:57.999999931,4267,LPH,1598.4658333333334,17.0,11.4,,0.0,,,,,,,0.3746111631903758
73 days 01:44:25.999999905,4557,LNPH,1753.7402777777777,13.7,12.9,19.1,1.0,,,,,,,0.38484535391217417
39 days 12:45:23.999999957,2590,LPH,948.7563888888889,13.7,12.9,19.1,1.0,,,,,,,0.36631520806520806
115 days 13:40:10.999999908,6844,LNPH,2773.6694444444443,16.9,12.2,,4.1,,,,,,,0.4052702285862718
65 days 01:27:14.999999934,4185,LPH,1561.453888888889,16.9,12.2,,4.1,,,,,,,0.37310726138324707
114 days 10:35:00.999999888,6668,LNPH,2746.5833333333335,17.4,13.8,,0.0,,,,,,,0.4119051189762048
63 days 02:16:20.999999967,3905,LPH,1514.2722222222221,17.4,13.8,,0.0,,,,,,,0.3877777777777778
127 days 14:57:00.999999848,5483,WEND,3062.95,17.4,12.2,22.1,0.0,,,,,,,0.5586266642349078
98 days 19:01:59.999999834,3813,WEND,2371.0330555555556,19.3,13.4,,,,,,,,,0.6218287583413469
97 days 19:56:33.999999934,5773,LNPH,2347.9425,22.2,18.5,,,,,,,,,0.40671098215832324
58 days 11:39:11.999999950,3653,LPH,1403.6530555555555,22.2,18.5,,,,,,,,,0.3842466618000426
64 days 09:45:51.999999922,4107,LNPH,1545.7641666666666,20.2,17.4,27.1,2.0,,,,,,,0.3763730622514406
46 days 10:17:44.999999960,3037,LPH,1114.2955555555557,20.2,17.4,27.1,2.0,,,,,,,0.3669066695935317
101 days 23:05:24.999999914,6234,LNPH,2447.09,17.8,14.0,19.8,6.1,,,,,,,0.3925393006095605
54 days 08:48:36.999999953,3527,LPH,1304.81,17.8,14.0,19.8,6.1,,,,,,,0.36994896512616954
99 days 05:23:02.999999891,5807,LNPH,2381.383888888889,13.8,8.8,20.6,0.0,,,,,,,0.4100884947285843
55 days 14:51:12.999999943,3526,LPH,1334.8533333333332,13.8,8.8,20.6,0.0,,,,,,,0.3785743996974853
97 days 18:31:33.999999889,5714,LNPH,2346.525833333333,15.9,12.4,19.5,,,,,,,,0.41066255396103135
50 days 22:29:28.999999936,3321,LPH,1222.4911111111112,15.9,12.4,19.5,,,,,,,,0.3681093378835023
182 days 13:33:57.999999816,7704,WEND,4381.565833333333,20.0,13.8,,0.5,,,,,,,0.5687390749394253
168 days 16:05:11.999999732,6354,WEND,4048.086388888889,22.1,15.5,,0.0,,,,,,,0.6370926013359913
95 days 09:43:35.999999868,5635,LNPH,2289.726388888889,23.1,19.6,27.5,,,,,,,,0.4063400867593414
56 days 23:38:39.999999936,3489,LPH,1367.6441666666667,23.1,19.6,27.5,,,,,,,,0.3919874367058374
96 days 02:39:31.999999906,5392,LNPH,2306.658611111111,22.6,17.0,26.9,,,,,,,,0.42779276912298053
63 days 07:47:37.999999929,3658,LPH,1519.7936111111112,22.6,17.0,26.9,,,,,,,,0.41547118947816053
117 days 23:38:03.999999868,7037,LNPH,2831.6341666666667,19.0,13.4,26.9,,,,,,,,0.40239223627492776
68 days 08:30:53.999999945,4263,LPH,1640.5147222222222,19.0,13.4,26.9,,,,,,,,0.3848263481637866
124 days 20:15:41.999999896,7304,LNPH,2996.261388888889,21.7,16.5,,,,,,,,,0.4102219864305708
73 days 22:33:00.999999931,4575,LPH,1774.55,21.7,16.5,,,,,,,,,0.387879781420765
122 days 12:55:34.999999920,7039,LNPH,2940.926111111111,27.0,19.4,,,,,,,,,0.41780453347224195
68 days 09:20:28.999999928,4256,LPH,1641.341111111111,27.0,19.4,,,,,,,,,0.3856534565580618
43 days 09:27:37.999999933,2202,WEND,1041.4602777777777,22.9,,32.8,41.9,,,,,,,0.47296107074376825
132 days 01:29:27.999999804,5775,WEND,3169.4908333333333,22.3,17.4,,82.0,,,,,,,0.5488295815295815
92 days 11:01:19.999999922,5631,LNPH,2219.0219444444447,24.4,21.7,,0.0,,,,,,,0.3940724461808639
34 days 13:25:55.999999958,2337,LPH,829.4319444444444,24.4,21.7,,0.0,,,,,,,0.3549131127276185
101 days 11:59:16.999999874,6082,LNPH,2435.987777777778,23.3,21.1,28.4,34.0,,,,,,,0.40052413314333735
63 days 06:24:14.999999931,3986,LPH,1518.4038888888888,23.3,21.1,28.4,34.0,,,,,,,0.3809342420694653
109 days 08:22:51.999999828,6281,LNPH,2624.380833333333,21.4,16.2,26.7,0.0,,,,,,,0.41782850395372284
70 days 20:21:30.999999919,4021,LPH,1700.3583333333333,21.4,16.2,26.7,0.0,,,,,,,0.4228695183619332
112 days 09:32:02.999999862,6560,LNPH,2697.5338888888887,23.9,18.0,,,,,,,,,0.4112094342818428
68 days 18:20:05.999999938,4141,LPH,1650.3347222222221,23.9,18.0,,,,,,,,,0.39853531084815796
114 days 11:37:04.999999920,6750,LNPH,2747.617777777778,16.2,11.4,30.7,9.9,,,,,,,0.40705448559670787
65 days 00:46:35.999999951,4065,LPH,1560.776388888889,16.2,11.4,30.7,9.9,,,,,,,0.3839548312149788
135 days 09:14:20.999999836,6276,WEND,3249.238888888889,,,,,,,,,,,0.5177244883506834
186 days 19:54:12.999999732,7046,WEND,4483.903333333334,,,,,,,,,,,0.6363757214495223
190 days 00:56:43.999999724,7232,WEND,4560.945277777778,,,,,,,,,,,0.630661681108653
106 days 08:29:20.999999900,6120,LNPH,2552.488888888889,,,,,,,,,,,0.4170733478576616
61 days 19:20:09.999999953,3778,LPH,1483.3358333333333,,,,,,,,,,,0.3926246250220575
111 days 11:45:18.999999940,6403,LNPH,2675.755,,,,,,,,,,,0.41789083242230207
68 days 00:00:51.999999971,3959,LPH,1632.0141666666666,,,,,,,,,,,0.4122288877662709
68 days 11:37:33.999999984,4473,LNPH,1643.6258333333333,,,,,,,,,,,0.3674549146732245
42 days 00:42:54,3208,LPH,1008.715,,,,,,,,,,,0.3144373441396509
58 days 00:44:21,4641,LNPH,1392.7391666666667,17.1,12.7,31.2,3.0,,,,,,,0.3000946275946276
36 days 06:39:05,2963,LPH,870.6513888888888,17.1,12.7,31.2,3.0,,,,,,,0.2938411707353658
71 days 08:41:31,5620,WEND,1712.6919444444445,18.8,13.0,,0.0,,,,,,,0.30474945630684064
56 days 11:59:59,4343,WEND,1355.9997222222223,19.3,11.5,,,,,,,,,0.3122265075344744
57 days 19:10:52,4485,LNPH,1387.181111111111,22.9,18.9,,,,,,,,,0.30929344729344727
39 days 06:47:17,3125,LPH,942.7880555555555,22.9,18.9,,,,,,,,,0.30169217777777774
59 days 06:53:48,4682,LNPH,1422.8966666666668,22.3,20.9,27.0,,,,,,,,0.30390787412786563
37 days 16:58:09,2993,LPH,904.9691666666666,22.3,20.9,27.0,,,,,,,,0.30236189998886287
54 days 01:45:25,4307,LNPH,1297.7569444444443,21.7,19.2,23.6,0.0,,,,,,,0.3013134303330495
35 days 22:55:13,2887,LPH,862.9202777777778,21.7,19.2,23.6,0.0,,,,,,,0.29889860678135705
43 days 03:33:40,3324,LNPH,1035.5611111111111,20.2,17.6,24.0,0.0,,,,,,,0.3115406471453403
24 days 10:55:06,1942,LPH,586.9183333333333,20.2,17.6,24.0,0.0,,,,,,,0.3022236525918297
13 days 10:34:16,914,LNPH,322.5711111111111,21.6,18.1,,0.0,,,,,,,0.352922441040603
3 days 22:52:23,284,LPH,94.87305555555555,21.6,18.1,,0.0,,,,,,,0.3340600547730829
10 days 11:58:55,771,WEND,251.98194444444445,18.0,13.5,26.0,13.0,,,,,,,0.3268248306672431
31 days 09:34:07,2243,WEND,753.5686111111111,15.2,9.2,20.5,0.0,,,,,,,0.3359646059345123
49 days 21:17:27,3909,LNPH,1197.2908333333332,20.1,13.5,,,,,,,,,0.30629082459282
34 days 22:14:10,2763,LPH,838.2361111111111,20.1,13.5,,,,,,,,,0.3033789761531347
52 days 17:31:31,4174,LNPH,1265.5252777777778,20.4,14.2,28.3,,,,,,,,0.3031924479582601
36 days 10:05:20,2827,LPH,874.0888888888888,20.4,14.2,28.3,,,,,,,,0.30919309829815667
58 days 07:54:12,4785,LNPH,1399.9033333333334,19.3,13.9,,,,,,,,,0.29256078021595266
40 days 23:50:36,3246,LPH,983.8433333333334,19.3,13.9,,,,,,,,,0.3030940644896283
58 days 09:46:51,4745,LNPH,1401.7808333333332,17.9,13.7,25.0,,,,,,,,0.2954227256761503
41 days 21:50:18,3269,LPH,1005.8383333333334,17.9,13.7,25.0,,,,,,,,0.3076899153665749
56 days 04:12:01,4536,LNPH,1348.2002777777777,17.1,10.5,,,,,,,,,0.2972222834607094
37 days 00:54:45,2911,LPH,888.9125,17.1,10.5,,,,,,,,,0.30536327722432155
58 days 17:56:29,4664,WEND,1409.941388888889,21.1,16.0,,,,,,,,,0.3023030422145988
40 days 07:09:35,3241,WEND,967.1597222222222,23.6,19.6,,,,,,,,,0.2984139840241352
50 days 12:09:42,4088,LNPH,1212.1616666666666,22.7,15.6,,6.1,,,,,,,0.29651704174820614
35 days 18:51:48,2817,LPH,858.8633333333333,22.7,15.6,,6.1,,,,,,,0.3048858123299018
33 days 16:09:34,2783,LNPH,808.1594444444445,23.6,21.0,30.0,3.0,,,,,,,0.29039146404759053
22 days 21:56:47,1906,LPH,549.9463888888889,23.6,21.0,30.0,3.0,,,,,,,0.288534306867203
55 days 14:15:01,4448,LNPH,1334.2502777777777,24.4,19.6,,11.9,,,,,,,0.29996633942845724
36 days 18:42:03,2894,LPH,882.7008333333333,24.4,19.6,,11.9,,,,,,,0.3050106542271366
18 days 22:00:33,1579,LNPH,454.00916666666666,19.9,,30.5,0.8,,,,,,,0.2875295545704032
8 days 12:28:54,717,LPH,204.48166666666665,19.9,,30.5,0.8,,,,,,,0.2851906090190609
50 days 20:53:14,4046,LNPH,1220.8872222222221,20.4,15.2,,101.1,,,,,,,0.30175166144889326
32 days 11:59:09,2621,LPH,779.9858333333333,20.4,15.2,,101.1,,,,,,,0.2975909322141676
60 days 18:59:41,4810,WEND,1458.9947222222222,21.4,14.3,,0.0,,,,,,,0.30332530607530606
54 days 04:50:27,4182,WEND,1300.8408333333334,25.2,19.4,,,,,,,,,0.31105710983580426
40 days 04:31:15,3340,LNPH,964.5208333333334,23.3,19.0,31.6,80.0,,,,,,,0.28877869261477046
20 days 17:50:02,1698,LPH,497.8338888888889,23.3,19.0,31.6,80.0,,,,,,,0.29318839157178384
45 days 09:27:57,3642,LNPH,1089.4658333333334,19.2,15.0,24.3,0.0,,,,,,,0.29913943803770826
34 days 08:54:53,2718,LPH,824.9147222222222,19.2,15.0,24.3,0.0,,,,,,,0.30350063363584334
49 days 01:37:12,3961,LNPH,1177.62,21.7,18.0,,0.5,,,,,,,0.2973037111840444
36 days 03:21:36,2896,LPH,867.36,21.7,18.0,,0.5,,,,,,,0.2995027624309392
35 days 14:58:01,2875,LNPH,854.9669444444445,24.5,21.0,,0.0,,,,,,,0.297379806763285
28 days 06:26:36,2279,LPH,678.4433333333334,24.5,21.0,,0.0,,,,,,,0.2976934327921603
44 days 02:04:51,3413,LNPH,1058.0808333333334,23.3,19.6,27.6,55.9,,,,,,,0.3100148940326204
26 days 21:06:28,2050,LPH,645.1077777777778,23.3,19.6,27.6,55.9,,,,,,,0.31468672086720867
43 days 14:01:59,3458,WEND,1046.0330555555556,23.3,17.8,,0.0,,,,,,,0.302496545851809
35 days 08:28:45,2789,WEND,848.4791666666666,24.9,19.8,,,,,,,,,0.30422343731325446
26 days 17:25:29,2155,WEND,641.4247222222223,26.9,22.0,,,,,,,,,0.2976448827017273
16 days 03:06:13,1176,WEND,387.1036111111111,26.7,22.5,30.8,,,,,,,,0.3291697373393802
31 days 17:14:54,2503,LNPH,761.2483333333333,27.9,24.0,,,,,,,,,0.30413437208682914
21 days 07:57:37,1684,LPH,511.9602777777778,27.9,24.0,,,,,,,,,0.3040144167326471
35 days 14:37:27,2760,LNPH,854.6241666666667,27.7,24.0,31.7,,,,,,,,0.30964643719806767
21 days 18:57:48,1711,LPH,522.9633333333334,27.7,24.0,31.7,,,,,,,,0.30564776933567117
34 days 21:45:53,2709,LNPH,837.7647222222222,26.8,23.3,31.6,,,,,,,,0.3092523891554899
20 days 18:42:45,1632,LPH,498.7125,26.8,23.3,31.6,,,,,,,,0.3055836397058823
32 days 14:09:37,2598,WEND,782.1602777777778,26.1,20.5,30.7,23.9,,,,,,,0.30106246257805147
20 days 07:43:06,1551,WEND,487.71833333333336,24.2,18.9,30.2,31.0,,,,,,,0.3144541156243284
